,category,highest_topic,highest_ratio,topic_ratio,topic2,topic3,topic1,topic4,attr_index,attraction,category
0,1,2.0,1.0,"[(2, 0.99998945)]",0.9999894499778748,0.0,0.0,0.0,0,Myeongdong_Shopping_Street-Seoul,1
1,1,2.0,0.8029000163078308,"[(2, 0.8028542), (3, 0.19707978)]",0.8028541803359985,0.19707977771759033,0.0,0.0,1,Myeong_dong_Cathedral-Seoul,1
2,1,2.0,0.9803000092506409,"[(1, 0.019048238), (2, 0.9803169)]",0.9803168773651123,0.0,0.019048238173127174,0.0,2,Chuncheon_Myeongdong_Street-Chuncheon_Gangwon_do,1
3,6,1.0,0.9984999895095825,"[(1, 0.99852586)]",0.0,0.0,0.998525857925415,0.0,3,Gwangandaegyo_Bridge-Busan,6
4,6,1.0,0.59170001745224,"[(1, 0.5916747), (3, 0.36413842), (4, 0.043909222)]",0.0,0.3641384243965149,0.5916746854782104,0.0439092218875885,4,Nurimaru_APAC_House-Busan,6
5,6,1.0,0.9648000001907349,"[(1, 0.9648284), (2, 0.010190519), (4, 0.0249681)]",0.010190518572926521,0.0,0.964828372001648,0.0249681007117033,5,Haeundae_Beach-Busan,6
6,6,1.0,0.7645000219345093,"[(1, 0.76452976), (4, 0.23517561)]",0.0,0.0,0.7645297646522522,0.23517560958862305,6,Haeundae_Dalmaji_gil_Road-Busan,6
7,8,1.0,0.98089998960495,"[(1, 0.9809401), (2, 0.018984346)]",0.018984345719218254,0.0,0.9809401035308838,0.0,7,Jamsil_Baseball_Stadium-Seoul,8
8,8,1.0,0.9728000164031982,"[(1, 0.97276855), (2, 0.025874492)]",0.025874491780996323,0.0,0.9727685451507568,0.0,8,Lotte_Cinema_Lotte_World-Seoul,8
9,8,1.0,0.9912999868392944,"[(1, 0.99132645)]",0.0,0.0,0.9913264513015747,0.0,9,Jamsil_Sports_Complex-Seoul,8
10,8,1.0,0.9994000196456909,"[(1, 0.99936086)]",0.0,0.0,0.9993608593940735,0.0,10,Seokchon_Lake-Seoul,8
11,8,1.0,0.8037999868392944,"[(1, 0.803823), (2, 0.18456995), (4, 0.010669316)]",0.18456995487213135,0.0,0.8038229942321777,0.010669316165149212,11,Lotte_World_Tower_Mall-Seoul,8
12,10,1.0,0.9994000196456909,"[(1, 0.9994083)]",0.0,0.0,0.9994083046913147,0.0,12,Nami_Island-Chuncheon_Gangwon_do,10
13,28,1.0,0.9991000294685364,"[(1, 0.9991084)]",0.0,0.0,0.9991083741188049,0.0,13,Gapyeong_Rail_Park-Gapyeong_gun_Gyeonggi_do,28
14,28,1.0,0.8514000177383423,"[(1, 0.85143185), (4, 0.13594693)]",0.0,0.0,0.8514318466186523,0.13594692945480347,14,Gapyeong_City_Tour_Bus-Gapyeong_gun_Gyeonggi_do,28
15,28,1.0,0.9717000126838684,"[(1, 0.971747), (3, 0.021288378)]",0.0,0.021288378164172173,0.9717469811439514,0.0,15,The_Garden_of_Morning_Calm-Gapyeong_gun_Gyeonggi_do,28
16,7,2.0,0.9998000264167786,"[(2, 0.9997541)]",0.9997540712356567,0.0,0.0,0.0,16,Gangnam_Underground_Shopping_area-Seoul,7
17,2,2.0,0.9907000064849854,"[(2, 0.9906992)]",0.9906991720199585,0.0,0.0,0.0,18,Dongdaemun_Market-Seoul,2
18,2,2.0,0.9994999766349792,"[(2, 0.99954104)]",0.9995410442352295,0.0,0.0,0.0,19,Migliore_Dongdaemun_Shop-Seoul,2
19,2,2.0,0.7803000211715698,"[(1, 0.026218142), (2, 0.78030485), (3, 0.19345948)]",0.7803048491477966,0.19345948100090027,0.026218142360448837,0.0,20,Dongdaemun_Design_Plaza_DDP-Seoul,2
20,2,2.0,0.9936000108718872,"[(2, 0.9936402)]",0.9936401844024658,0.0,0.0,0.0,21,Dongdaemun_Shopping_Complex-Seoul,2
21,2,3.0,0.6471999883651733,"[(2, 0.3526021), (3, 0.647221)]",0.35260209441185,0.647221028804779,0.0,0.0,22,Dongdaemun_Gate_Heunginjimun-Seoul,2
22,20,1.0,0.8986999988555908,"[(1, 0.89873844), (2, 0.026169186), (3, 0.07217662)]",0.0261691864579916,0.07217662036418915,0.898738443851471,0.0,23,63_City-Seoul,20
23,13,1.0,0.9998000264167786,"[(1, 0.9997624)]",0.0,0.0,0.9997624158859253,0.0,24,Yeouido_Hangang_Park-Seoul,13
24,13,1.0,0.9970999956130981,"[(1, 0.9970746)]",0.0,0.0,0.9970746040344238,0.0,25,Yeouido_Park-Seoul,13
25,10,2.0,0.5544999837875366,"[(1, 0.44505963), (2, 0.5545489)]",0.5545489192008972,0.0,0.4450596272945404,0.0,27,Chuncheon_Myeongdong_Dakgalbi_Street-Chuncheon_Gangwon_do,10
26,10,1.0,0.9803000092506409,"[(1, 0.9802945)]",0.0,0.0,0.9802945256233215,0.0,28,Chuncheon_Mullegil-Chuncheon_Gangwon_do,10
27,9,2.0,0.5131999850273132,"[(2, 0.5131855), (4, 0.4867375)]",0.5131855010986328,0.0,0.0,0.4867374897003174,30,Dongmun_Market-Jeju_Jeju_Island,9
28,9,4.0,0.71670001745224,"[(3, 0.2829759), (4, 0.7166752)]",0.0,0.2829759120941162,0.0,0.7166752219200134,31,Jeju_Folklore_Natural_Museum-Jeju_Jeju_Island,9
29,9,4.0,0.8791000247001648,"[(3, 0.119285055), (4, 0.8790813)]",0.0,0.11928505450487137,0.0,0.8790813088417053,32,Jeju_Stone_Park-Jeju_Jeju_Island,9
30,9,4.0,1.0,"[(4, 0.9999695)]",0.0,0.0,0.0,0.999969482421875,33,Seongsan_Ilchulbong-Seogwipo_Jeju_Island,9
31,9,4.0,0.6442999839782715,"[(2, 0.08112484), (3, 0.27453655), (4, 0.6442766)]",0.08112484216690063,0.2745365500450134,0.0,0.6442766189575195,34,Seongeup_Folk_Village-Jeju_Jeju_Island,9
32,4,2.0,0.98089998960495,"[(1, 0.01885954), (2, 0.98086977)]",0.9808697700500488,0.0,0.018859539180994034,0.0,35,Sinchon-Seoul,4
33,1,3.0,0.41190001368522644,"[(1, 0.19647866), (2, 0.2528033), (3, 0.4119339), (4, 0.13878419)]",0.2528032958507538,0.41193389892578125,0.19647866487503052,0.13878418505191803,38,Cheongnamdae-Cheongju_Chungcheongbuk_do,1
34,5,2.0,0.9829000234603882,"[(2, 0.9829495), (3, 0.012547712)]",0.9829494953155518,0.012547711841762066,0.0,0.0,40,Itaewon-Seoul,5
35,5,2.0,0.6955999732017517,"[(1, 0.24602918), (2, 0.69557375), (3, 0.043336023), (4, 0.015061079)]",0.6955737471580505,0.04333602264523506,0.24602918326854706,0.01506107859313488,41,Itaewon_Land-Seoul,5
36,5,2.0,0.9372000098228455,"[(2, 0.9372209), (3, 0.061337564)]",0.9372208714485168,0.06133756414055824,0.0,0.0,42,Itaewon_Antique_Furniture_Street-Seoul,5
37,21,1.0,0.82669997215271,"[(1, 0.8267497), (4, 0.17198588)]",0.0,0.0,0.8267496824264526,0.17198587954044342,46,Daegwanryeong_Samyang_Ranch-Pyeongchang_gun_Gangwon_do,21
38,21,1.0,0.8399999737739563,"[(1, 0.8400207), (4, 0.15868697)]",0.0,0.0,0.8400207161903381,0.15868696570396423,47,Daegwanryeong_Yangtte_Ranch-Pyeongchang_gun_Gangwon_do,21
39,36,1.0,0.6941999793052673,"[(1, 0.6942305), (2, 0.0121564325), (3, 0.29358873)]",0.012156432494521141,0.2935887277126312,0.6942304968833923,0.0,48,Incheon_Airport_Transit_Tour-Incheon,36
40,36,1.0,0.9983999729156494,"[(1, 0.99844015)]",0.0,0.0,0.998440146446228,0.0,49,AREX_Airport_Railroad_Express-Incheon,36
41,33,3.0,0.9851999878883362,"[(3, 0.98519516), (4, 0.014569878)]",0.0,0.9851951599121094,0.0,0.01456987764686346,56,Hwaseong_Fortress-Suwon_Gyeonggi_do,33
42,33,3.0,0.9997000098228455,"[(3, 0.9996935)]",0.0,0.9996935129165649,0.0,0.0,57,Hwaseong_Haenggung_Palace-Suwon_Gyeonggi_do,33
43,33,3.0,0.8044999837875366,"[(2, 0.19496126), (3, 0.80449307)]",0.19496126472949982,0.8044930696487427,0.0,0.0,58,Paldalmun_Gate-Suwon_Gyeonggi_do,33
44,33,3.0,0.9990000128746033,"[(3, 0.99900264)]",0.0,0.9990026354789734,0.0,0.0,59,Hwahongmun_Gate-Suwon_Gyeonggi_do,33
45,33,3.0,0.9983999729156494,"[(3, 0.9983559)]",0.0,0.9983559250831604,0.0,0.0,60,Janganmun_Gate-Suwon_Gyeonggi_do,33
46,13,1.0,0.9994000196456909,"[(1, 0.99944156)]",0.0,0.0,0.9994415640830994,0.0,61,Hangang_Park-Seoul,13
47,13,1.0,0.9997000098228455,"[(1, 0.9996715)]",0.0,0.0,0.9996715188026428,0.0,62,Eland_Cruise-Seoul,13
48,30,1.0,0.5170000195503235,"[(1, 0.51699394), (2, 0.095839806), (3, 0.34456456), (4, 0.04260172)]",0.09583980590105057,0.3445645570755005,0.5169939398765564,0.04260171949863434,63,Wolmido-Incheon,30
49,30,3.0,0.4194999933242798,"[(1, 0.39011568), (3, 0.41953376), (4, 0.18383104)]",0.0,0.41953375935554504,0.3901156783103943,0.18383103609085083,64,Wolmi_Park-Incheon,30
50,30,1.0,0.8755999803543091,"[(1, 0.8756194), (3, 0.12158744)]",0.0,0.12158744037151337,0.8756194114685059,0.0,65,Wolmi_Theme_Park-Incheon,30
51,30,1.0,0.9052000045776367,"[(1, 0.90515614), (3, 0.08738633)]",0.0,0.08738633245229721,0.905156135559082,0.0,66,Wolmido_Cruise-Incheon,30
52,3,3.0,0.9937000274658203,"[(3, 0.9937128)]",0.0,0.9937127828598022,0.0,0.0,67,Jogyesa_Temple-Seoul,3
53,3,3.0,0.9998999834060669,"[(3, 0.9998735)]",0.0,0.9998735189437866,0.0,0.0,68,Jongmyo_Shrine-Seoul,3
54,3,2.0,0.630299985408783,"[(2, 0.63025165), (3, 0.36356714)]",0.6302516460418701,0.36356714367866516,0.0,0.0,69,Jongno_Jewelry_Shopping_Street-Seoul,3
55,3,3.0,0.9573000073432922,"[(1, 0.016411668), (2, 0.026247647), (3, 0.95733196)]",0.026247646659612656,0.9573319554328918,0.016411667689681053,0.0,70,Cheonggyecheon_Stream-Seoul,3
56,3,2.0,0.7301999926567078,"[(2, 0.73022336), (3, 0.25602722)]",0.7302233576774597,0.2560272216796875,0.0,0.0,71,Jonglo3ga_Pojangmacha_Geoli-Seoul,3
57,32,1.0,0.9872999787330627,"[(1, 0.987269)]",0.0,0.0,0.9872689843177795,0.0,74,Songdo_Central_Park-Incheon,32
58,32,1.0,0.8704000115394592,"[(1, 0.87044024), (4, 0.12899004)]",0.0,0.0,0.8704402446746826,0.128990039229393,75,Songdo_Beach-Busan,32
59,32,1.0,0.5889999866485596,"[(1, 0.5890204), (2, 0.40885535)]",0.4088553488254547,0.0,0.5890203714370728,0.0,76,Songdo_Convensia-Incheon,32
60,32,1.0,0.8371000289916992,"[(1, 0.837118), (3, 0.023117827), (4, 0.13943304)]",0.0,0.023117827251553535,0.8371180295944214,0.13943304121494293,77,Songdo_Skywalk-Busan,32
61,32,2.0,0.7218999862670898,"[(1, 0.27721506), (2, 0.7218846)]",0.7218846082687378,0.0,0.27721506357192993,0.0,78,Hyundai_Premium_Outlet_Songdo-Incheon,32
62,17,3.0,0.9998999834060669,"[(3, 0.99989265)]",0.0,0.9998926520347595,0.0,0.0,82,Gwanghwamun_Square-Seoul,17
63,17,3.0,0.9728000164031982,"[(1, 0.026300672), (3, 0.97283685)]",0.0,0.9728368520736694,0.026300672441720963,0.0,83,Sejong_Center-Seoul,17
64,17,3.0,0.9990000128746033,"[(3, 0.9989968)]",0.0,0.9989967942237854,0.0,0.0,84,King_Sejong_Memorial_Hall-Seoul,17
65,18,2.0,0.984499990940094,"[(1, 0.015370151), (2, 0.9845383)]",0.9845383167266846,0.0,0.015370151028037071,0.0,85,Garosu_gil-Seoul,18
66,35,2.0,0.9807000160217285,"[(2, 0.98067653), (4, 0.0155767985)]",0.980676531791687,0.0,0.0,0.015576798468828201,86,Seomun_Market-Daegu,35
67,35,2.0,0.5336999893188477,"[(1, 0.46437103), (2, 0.5337465)]",0.5337464809417725,0.0,0.4643710255622864,0.0,87,Daegu_Metro-Daegu,35
68,11,4.0,0.7333999872207642,"[(2, 0.26656425), (4, 0.7333936)]",0.2665642499923706,0.0,0.0,0.7333936095237732,91,Jagalchi_Market-Busan,11
69,11,4.0,0.6886000037193298,"[(1, 0.1785689), (2, 0.07145806), (3, 0.061348885), (4, 0.68862414)]",0.07145805656909943,0.06134888529777527,0.17856889963150024,0.6886241436004639,92,Yongdusan_Park-Busan,11
70,29,4.0,0.4846000075340271,"[(1, 0.07242302), (3, 0.44268042), (4, 0.4846068)]",0.0,0.4426804184913635,0.07242301851511002,0.4846068024635315,100,Mireuksan_Mountain-Tongyeong_Gyeongsangnam_do,29
71,14,1.0,0.9994999766349792,"[(1, 0.999516)]",0.0,0.0,0.9995160102844238,0.0,101,Everland-Yongin_Gyeonggi_do,14
72,12,1.0,0.9168000221252441,"[(1, 0.9168487), (2, 0.06664623), (4, 0.015571018)]",0.06664623320102692,0.0,0.9168487191200256,0.015571017749607563,104,Coex_Aquarium-Seoul,12
73,12,2.0,0.5602999925613403,"[(1, 0.43957704), (2, 0.5603401)]",0.5603401064872742,0.0,0.43957704305648804,0.0,105,Starfield_COEX_Mall-Seoul,12
74,17,3.0,0.9998000264167786,"[(3, 0.99983853)]",0.0,0.9998385310173035,0.0,0.0,108,Gwanghwamun_Gate-Seoul,17
75,27,1.0,0.9696000218391418,"[(1, 0.96957964), (2, 0.02856472)]",0.02856471948325634,0.0,0.9695796370506287,0.0,113,Phoenix_Snow_Park-Pyeongchang_gun_Gangwon_do,27
76,27,1.0,0.8007000088691711,"[(1, 0.8006933), (4, 0.18946551)]",0.0,0.0,0.8006932735443115,0.1894655078649521,114,Yongpyeong_Resort_Gondola-Pyeongchang_gun_Gangwon_do,27
77,27,1.0,0.988099992275238,"[(1, 0.98807216), (4, 0.010941932)]",0.0,0.0,0.9880721569061279,0.01094193197786808,115,Peak_Island_Yongpyeong_Water_Park-Pyeongchang_gun_Gangwon_do,27
78,9,4.0,0.9988999962806702,"[(4, 0.9989357)]",0.0,0.0,0.0,0.9989356994628906,119,Yongduam_Rock-Jeju_Jeju_Island,9
79,40,1.0,0.9794999957084656,"[(1, 0.9794697)]",0.0,0.0,0.9794697165489197,0.0,124,Yonin_Natural_Recreation_Forest-Yongin_Gyeonggi_do,40
80,40,3.0,0.7466999888420105,"[(1, 0.2525653), (3, 0.74669504)]",0.0,0.7466950416564941,0.25256529450416565,0.0,125,Yongin_Daejanggeum_Park-Yongin_Gyeonggi_do,40
81,40,3.0,0.7440000176429749,"[(2, 0.23970237), (3, 0.7439831)]",0.23970237374305725,0.7439830899238586,0.0,0.0,126,Yongin_Cultural_Heritage_Museum-Yongin_Gyeonggi_do,40
82,40,3.0,0.7861999869346619,"[(1, 0.115515254), (2, 0.08951191), (3, 0.7861969)]",0.08951190859079361,0.7861968874931335,0.11551525443792343,0.0,127,Korean_Folk_Village-Yongin_Gyeonggi_do,40
83,17,3.0,0.9896000027656555,"[(2, 0.010166553), (3, 0.9896466)]",0.010166552849113941,0.9896466135978699,0.0,0.0,129,National_Palace_Museum_of_Korea-Seoul,17
84,26,3.0,1.0,"[(3, 0.9999557)]",0.0,0.9999557137489319,0.0,0.0,142,DMZ-Paju_Gyeonggi_do,26
85,26,3.0,0.9991000294685364,"[(3, 0.99912226)]",0.0,0.9991222620010376,0.0,0.0,143,The_Third_Tunnel-Paju_Gyeonggi_do,26
86,26,3.0,0.9207000136375427,"[(1, 0.07642819), (3, 0.9207062)]",0.0,0.9207062125205994,0.07642818987369537,0.0,144,Imjingak_Pyeonghoa_Nuri_Park-Paju_Gyeonggi_do,26
87,26,3.0,0.9997000098228455,"[(3, 0.9996914)]",0.0,0.9996914267539978,0.0,0.0,145,Dora_Observatory-Paju_Gyeonggi_do,26
88,35,1.0,0.5152999758720398,"[(1, 0.5153354), (2, 0.2712548), (3, 0.10783746), (4, 0.105572306)]",0.2712548077106476,0.10783746093511581,0.5153353810310364,0.10557230561971664,148,Daegu_Arboretum-Daegu,35
89,35,1.0,0.711899995803833,"[(1, 0.71188974), (2, 0.18921389), (3, 0.098465785)]",0.18921388685703278,0.09846578538417816,0.7118897438049316,0.0,149,The_Arc-Daegu,35
90,9,4.0,0.4113999903202057,"[(1, 0.1596505), (2, 0.10310369), (3, 0.32585907), (4, 0.41138676)]",0.10310368984937668,0.32585906982421875,0.1596505045890808,0.41138675808906555,151,Jeju_Museum_of_Art-Jeju_Jeju_Island,9
91,38,2.0,0.7322999835014343,"[(2, 0.7322911), (3, 0.25830957)]",0.7322911024093628,0.25830957293510437,0.0,0.0,153,Jeonju_Hanok_Village-Jeonju_Jeollabuk_do,38
92,38,4.0,0.35670000314712524,"[(2, 0.3060116), (3, 0.3368981), (4, 0.35669228)]",0.3060115873813629,0.3368980884552002,0.0,0.35669228434562683,154,Omokdae_and_Imokdae-Jeonju_Jeollabuk_do,38
93,38,2.0,0.6919999718666077,"[(2, 0.69204414), (3, 0.30762464)]",0.6920441389083862,0.3076246380805969,0.0,0.0,155,Jeondong_Catholic_Church-Jeonju_Jeollabuk_do,38
94,38,3.0,0.6477000117301941,"[(2, 0.35198158), (3, 0.64767134)]",0.35198158025741577,0.6476713418960571,0.0,0.0,156,Gyeonggijeon_Shrine-Jeonju_Jeollabuk_do,38
95,24,4.0,0.5138000249862671,"[(1, 0.022532826), (3, 0.46364322), (4, 0.5138026)]",0.0,0.46364322304725647,0.02253282628953457,0.5138025879859924,160,Seoraksan_National_Park-Sokcho_Gangwon_do,24
96,9,4.0,0.9991999864578247,"[(4, 0.99916714)]",0.0,0.0,0.0,0.9991671442985535,162,Songaksan_Mountain-Seogwipo_Jeju_Island,9
97,9,4.0,1.0,"[(4, 0.9999513)]",0.0,0.0,0.0,0.9999513030052185,164,Hallasan_National_Park-Seogwipo_Jeju_Island,9
98,19,3.0,0.9878000020980835,"[(3, 0.9878329)]",0.0,0.9878329038619995,0.0,0.0,165,Bulguksa_Temple-Gyeongju_Gyeongsangbuk_do,19
99,19,1.0,0.6646999716758728,"[(1, 0.6646513), (3, 0.33448187)]",0.0,0.3344818651676178,0.6646512746810913,0.0,166,Bomun_Tourism_Complex-Gyeongju_Gyeongsangbuk_do,19
100,19,3.0,0.9327999949455261,"[(2, 0.021611549), (3, 0.93276876), (4, 0.04553628)]",0.021611548960208893,0.9327687621116638,0.0,0.04553627967834473,167,Yangdong_Folk_Village-Gyeongju_Gyeongsangbuk_do,19
101,9,4.0,0.8646000027656555,"[(3, 0.13412139), (4, 0.86458623)]",0.0,0.1341213881969452,0.0,0.8645862340927124,170,Geomunoreum-Jeju_Jeju_Island,9
102,39,3.0,0.9580000042915344,"[(3, 0.9580296), (4, 0.041085258)]",0.0,0.9580296277999878,0.0,0.04108525812625885,175,Donghwasa-Daegu,39
103,39,4.0,0.47360000014305115,"[(1, 0.09434661), (3, 0.4307049), (4, 0.47356594)]",0.0,0.43070489168167114,0.09434661269187927,0.473565936088562,177,Palgongsan_Cable_Car-Daegu,39
104,39,3.0,0.6340000033378601,"[(3, 0.63401556), (4, 0.36463442)]",0.0,0.6340155601501465,0.0,0.3646344244480133,178,Gatbawi_Rock-Mokpo_Jeollanam_do,39
105,9,4.0,0.8377000093460083,"[(1, 0.08098674), (3, 0.081151634), (4, 0.8376523)]",0.0,0.08115163445472717,0.08098673820495605,0.837652325630188,186,Jeju_Travel_Lucas-Jeju_Jeju_Island,9
106,3,3.0,0.9620000123977661,"[(3, 0.9620487), (4, 0.029755946)]",0.0,0.9620487093925476,0.0,0.02975594624876976,187,Cheonggyesa_Temple-Uiwang_Gyeonggi_do,3
107,35,3.0,0.516700029373169,"[(2, 0.48090497), (3, 0.51673675)]",0.4809049665927887,0.5167367458343506,0.0,0.0,189,Daegu_Yangnyeongsi_Museum_of_Oriental_Medicine-Daegu,35
108,9,4.0,0.4932999908924103,"[(1, 0.014995986), (2, 0.047890555), (3, 0.44383746), (4, 0.49327597)]",0.047890555113554,0.4438374638557434,0.01499598566442728,0.4932759702205658,208,Jeju_Folk_Village_Jeju_Minsokchon-Seogwipo_Jeju_Island,9
109,23,2.0,0.9690999984741211,"[(1, 0.010315166), (2, 0.9690866), (3, 0.010290276), (4, 0.010307936)]",0.9690865874290466,0.010290276259183884,0.010315165854990482,0.010307935997843742,212,Cheongdam_Fashion_Street-Seoul,23
110,31,4.0,0.8837000131607056,"[(1, 0.10040296), (3, 0.01569471), (4, 0.8836626)]",0.0,0.01569470949470997,0.10040295869112015,0.8836625814437866,218,Windy_Hill-Geoje_Gyeongsangnam_do,31
111,16,2.0,0.46880000829696655,"[(1, 0.026147058), (2, 0.46884322), (3, 0.1847909), (4, 0.3202188)]",0.4688432216644287,0.18479089438915253,0.026147058233618736,0.3202188014984131,221,Gamcheon_Culture_Village-Busan,16
112,9,4.0,0.5929999947547913,"[(1, 0.40688127), (4, 0.59298235)]",0.0,0.0,0.40688127279281616,0.5929823517799377,227,Hyeopjae_Beach-Jeju_Jeju_Island,9
113,12,1.0,0.6259999871253967,"[(1, 0.62601733), (2, 0.37375686)]",0.37375685572624207,0.0,0.6260173320770264,0.0,241,SMTOWN_coexartium-Seoul,12
114,34,1.0,0.8589000105857849,"[(1, 0.85885966), (2, 0.0739749), (3, 0.0670441)]",0.07397489994764328,0.06704410165548325,0.858859658241272,0.0,257,Seoul_World_Cup_Stadium-Seoul,34
115,21,1.0,0.90829998254776,"[(1, 0.9083124), (4, 0.08783236)]",0.0,0.0,0.9083123803138733,0.08783236145973206,261,Gyeongpo_Beach-Gangneung_Gangwon_do,21
116,25,2.0,0.7332000136375427,"[(1, 0.24023226), (2, 0.7332134), (3, 0.026427705)]",0.7332134246826172,0.026427704840898514,0.24023225903511047,0.0,265,BEXCO_Busan_Exhibition_Convention_Center-Busan,25
117,22,4.0,0.5424000024795532,"[(1, 0.43650055), (3, 0.021052122), (4, 0.5424302)]",0.0,0.021052122116088867,0.43650054931640625,0.5424302220344543,268,Taejongdae-Busan,22
118,22,1.0,0.5449000000953674,"[(1, 0.54485846), (4, 0.45221272)]",0.0,0.0,0.544858455657959,0.45221272110939026,269,Taejongdae_Resort_Park-Busan,22
119,9,4.0,0.8992999792098999,"[(1, 0.0634667), (3, 0.036837902), (4, 0.89933324)]",0.0,0.036837901920080185,0.06346669793128967,0.8993332386016846,277,Jeolmul_Natural_Forest_Resort-Jeju_Jeju_Island,9
120,29,4.0,0.4745999872684479,"[(1, 0.072423115), (3, 0.45227227), (4, 0.47463483)]",0.0,0.4522722661495209,0.07242311537265778,0.4746348261833191,280,Hallyeo_National_Marine_Park_View_Ropeway-Tongyeong_Gyeongsangnam_do,29
121,15,3.0,0.5856000185012817,"[(1, 0.38270268), (3, 0.5855547), (4, 0.03120225)]",0.0,0.5855547189712524,0.38270267844200134,0.031202249228954315,290,Yonggungsa_Temple-Incheon,15
122,24,4.0,0.757099986076355,"[(3, 0.24277455), (4, 0.75705165)]",0.0,0.24277454614639282,0.0,0.7570516467094421,294,Ulsanbawi_Rock-Sokcho_Gangwon_do,24
123,10,1.0,0.9783999919891357,"[(1, 0.97842795), (3, 0.014960786)]",0.0,0.014960786327719688,0.9784279465675354,0.0,311,Gangchon_Rail_Park-Chuncheon_Gangwon_do,10
124,26,3.0,0.9968000054359436,"[(3, 0.99675393)]",0.0,0.9967539310455322,0.0,0.0,316,The_4th_Tunnel-Yanggu_gun_Gangwon_do,26
125,9,4.0,0.9998000264167786,"[(4, 0.9997512)]",0.0,0.0,0.0,0.9997512102127075,320,Yongmeori_Beach-Seogwipo_Jeju_Island,9
126,10,3.0,0.5184999704360962,"[(1, 0.38910767), (3, 0.51854354), (4, 0.09194426)]",0.0,0.518543541431427,0.38910767436027527,0.09194426238536835,324,Cheongpyeongsa_Temple-Chuncheon_Gangwon_do,10
127,28,1.0,0.9940000176429749,"[(1, 0.99400496)]",0.0,0.0,0.9940049648284912,0.0,325,Cheongpyeong_Lake-Gapyeong_gun_Gyeonggi_do,28
128,28,4.0,0.9273999929428101,"[(1, 0.024499854), (2, 0.023960987), (3, 0.024097865), (4, 0.92744124)]",0.023960987105965614,0.024097865447402,0.02449985407292843,0.9274412393569946,326,Cheongpyeong_Natural_Recreational_Forest-Gapyeong_gun_Gyeonggi_do,28
129,10,1.0,0.8532000184059143,"[(1, 0.8531578), (3, 0.10174968), (4, 0.0443342)]",0.0,0.10174968093633652,0.8531578183174133,0.04433419927954674,327,Soyang_Lake-Chuncheon_Gangwon_do,10
130,19,2.0,0.8468000292778015,"[(2, 0.8468167), (3, 0.13268122), (4, 0.019445581)]",0.8468167185783386,0.1326812207698822,0.0,0.01944558136165142,341,Seongdong_Market-Gyeongju_Gyeongsangbuk_do,19
131,1,2.0,0.8849999904632568,"[(2, 0.8849603), (3, 0.10668319)]",0.8849602937698364,0.10668318718671799,0.0,0.0,349,Myeongdong_Seocobulhanjeungmag-Seoul,1
132,4,2.0,0.8281999826431274,"[(1, 0.1639636), (2, 0.8281537)]",0.8281537294387817,0.0,0.16396360099315643,0.0,362,Yonsei_University_Sinchon_Campus-Seoul,4
133,31,4.0,0.5175999999046326,"[(3, 0.48138905), (4, 0.5176317)]",0.0,0.48138904571533203,0.0,0.5176317095756531,367,Geoje_Okpo_Battle_Memorial_Park-Geoje_Gyeongsangnam_do,31
134,31,3.0,0.6001999974250793,"[(1, 0.011699709), (2, 0.1969504), (3, 0.6002441), (4, 0.19110577)]",0.19695040583610535,0.6002441048622131,0.011699709109961987,0.19110576808452606,368,Geoje_Museum-Geoje_Gyeongsangnam_do,31
135,21,1.0,0.7419000267982483,"[(1, 0.7419227), (2, 0.25197282)]",0.25197282433509827,0.0,0.7419226765632629,0.0,371,Chodang_Sundubu_Village-Gangneung_Gangwon_do,21
136,1,2.0,0.8712000250816345,"[(1, 0.12139476), (2, 0.87119895)]",0.8711989521980286,0.0,0.12139476090669632,0.0,376,Beautiplex_Myeongdong-Seoul,1
137,21,1.0,0.8952000141143799,"[(1, 0.8952417), (4, 0.10414505)]",0.0,0.0,0.8952416777610779,0.10414505004882812,386,Jeongdongjin_Beach-Gangneung_Gangwon_do,21
138,9,1.0,0.7193999886512756,"[(1, 0.7194273), (4, 0.2802631)]",0.0,0.0,0.7194272875785828,0.28026309609413147,394,Eco_Land_Theme_Park-Jeju_Jeju_Island,9
139,9,1.0,0.6959999799728394,"[(1, 0.69604284), (2, 0.021867763), (4, 0.28153396)]",0.021867763251066208,0.0,0.6960428357124329,0.28153395652770996,395,Shinhwa_Theme_Park-Seogwipo_Jeju_Island,9
140,26,3.0,0.9965999722480774,"[(3, 0.9965739)]",0.0,0.9965739250183105,0.0,0.0,424,The_2nd_Tunnel-Cheorwon_gun_Gangwon_do,26
141,9,4.0,0.9998999834060669,"[(4, 0.9998558)]",0.0,0.0,0.0,0.9998558163642883,439,Mysterious_Road_Dokkaebi_Road-Jeju_Jeju_Island,9
142,9,4.0,0.9750999808311462,"[(1, 0.015882159), (4, 0.9751269)]",0.0,0.0,0.015882158651947975,0.9751269221305847,453,Jeju_Taxi_Tour_Best-Jeju_Jeju_Island,9
143,1,2.0,0.9997000098228455,"[(2, 0.9996761)]",0.9996761083602905,0.0,0.0,0.0,454,Namdaemun_Market-Seoul,1
144,28,1.0,0.8799999952316284,"[(1, 0.8800366), (2, 0.04509838), (3, 0.068210244)]",0.045098379254341125,0.06821024417877197,0.8800365924835205,0.0,456,Petite_France-Gapyeong_gun_Gyeonggi_do,28
145,4,2.0,0.9923999905586243,"[(2, 0.9923923)]",0.9923923015594482,0.0,0.0,0.0,457,Hongdae_Art_Market_Free_Market-Seoul,4
146,3,4.0,0.5256999731063843,"[(1, 0.021055665), (2, 0.16939995), (3, 0.2838238), (4, 0.5257206)]",0.1693999469280243,0.28382378816604614,0.021055664867162704,0.5257205963134766,461,Cheonggyesan_Mountain-Gwacheon_Gyeonggi_do,3
147,3,3.0,0.9976999759674072,"[(3, 0.99769366)]",0.0,0.997693657875061,0.0,0.0,462,Cheonggyecheon_Museum-Seoul,3
148,9,4.0,0.642799973487854,"[(1, 0.3470965), (4, 0.6427833)]",0.0,0.0,0.3470965027809143,0.6427832841873169,465,Woljeongri_Beach-Jeju_Jeju_Island,9
149,33,1.0,0.6887999773025513,"[(1, 0.6887623), (3, 0.31031254)]",0.0,0.31031253933906555,0.6887623071670532,0.0,473,Suwon_World_Cup_Stadium-Suwon_Gyeonggi_do,33
150,38,1.0,0.6726999878883362,"[(1, 0.67268753), (2, 0.32403454)]",0.32403454184532166,0.0,0.6726875305175781,0.0,474,Jeonju_World_Cup_Stadium-Jeonju_Jeollabuk_do,38
151,23,2.0,0.9825000166893005,"[(1, 0.016701484), (2, 0.9824526)]",0.9824525713920593,0.0,0.016701484099030495,0.0,475,Hyundai_Department_Store_Apgujeong_Main-Seoul,23
152,25,2.0,0.9056000113487244,"[(1, 0.09432046), (2, 0.9055735)]",0.9055734872817993,0.0,0.09432046115398407,0.0,476,Shinsegae_Dept_Store_Centum_City-Busan,25
153,15,4.0,0.7088000178337097,"[(1, 0.027653385), (2, 0.24596646), (3, 0.017540619), (4, 0.70883954)]",0.24596646428108215,0.017540618777275085,0.02765338495373726,0.7088395357131958,478,Gijang_Market-Busan,15
154,9,2.0,0.7919999957084656,"[(2, 0.79197675), (4, 0.2075152)]",0.7919767498970032,0.0,0.0,0.2075151950120926,483,Jeju_Jungang_Underground_Shopping_Center-Jeju_Jeju_Island,9
155,21,1.0,0.9976000189781189,"[(1, 0.9976148)]",0.0,0.0,0.9976148009300232,0.0,491,Ocean_700-Pyeongchang_gun_Gangwon_do,21
156,27,1.0,0.996999979019165,"[(1, 0.99703664)]",0.0,0.0,0.9970366358757019,0.0,492,Bears_Town_Ski_Sled-Pocheon_Gyeonggi_do,27
157,26,3.0,0.9998999834060669,"[(3, 0.9998566)]",0.0,0.9998565912246704,0.0,0.0,498,Panmunjom-Paju_Gyeonggi_do,26
158,30,3.0,0.4348999857902527,"[(1, 0.1374302), (2, 0.42301872), (3, 0.4349297)]",0.4230187237262726,0.4349296987056732,0.13743020594120026,0.0,515,Chinatown-Incheon,30
159,30,3.0,0.9919000267982483,"[(3, 0.99188036)]",0.0,0.9918803572654724,0.0,0.0,516,Incheon_Art_Platform-Incheon,30
160,12,2.0,0.519599974155426,"[(1, 0.47672817), (2, 0.51960176)]",0.5196017622947693,0.0,0.4767281711101532,0.0,530,COEX_Center-Seoul,12
161,34,1.0,0.7628999948501587,"[(1, 0.762916), (2, 0.029844977), (3, 0.20696467)]",0.0298449769616127,0.2069646716117859,0.7629160284996033,0.0,533,MBC_WORLD-Seoul,34
