review_title,review_body
Celadon making experience,"We were here to make an exciting experience. My daughter tried to make a bowl-shaped celadon. Initially she kneaded the clay and stacked it high. And then an instructor helped her make the bowl-shape like the image below. Lastly she inscribed what she wanted to draw on the surface. The bowl she made now has to be baked twice soon, in the meantime its surface will be coated. It will take a few weeks more. They promised to us it will be delivered within 2 months."
Explore Buan Celadon Museum,"This is a really good Museum to browse through, it suits adults and children too. Discover how the pottery is made, the exhibition rooms are really well set out, and there is things for the kids to do also. Often there tents set up outside the museum where you can buy pottery and other things, definitely worth a visit if you are in Buan."
Celadon Museum,"Really worth the visit, very informative, was not busy and you can wander around this museum at your leisure, don't miss this, stop off and have a look around."
"Korean Pottery History, a great site",This museum gives a great history of Korean pottery and eh grounds are beautiful. We went in Dec and the weather was perfect. I recommend this for anyone interested i Korean History or just pottery.
Pottery Experience in Celadon Museum,"Buan Celadon Museum was established in April 2011. It houses 200 pieces of Korean Potteries/Ceramics. It also has a number of galleries and exhibition arts. Celadon art started in Buan approximately from 11th century until the first part of the 12th century. From March to October, the museum is open from 10am to 6pm. From November to February, the museum is open from 10am to 5pm.Ticket prices cost:Adult: 3,000 won (2,000 won for Group)Minors: 2,000 won (1,500 won for Group)"
