review_title,review_body
Amazing department store ,This store is amazing when you get inside there is like you enter in other world . Everything looks so good May be a little expensive.
Great Department Store and Food Court!!,Great department store with local and international items. Duty free occupies the top few floors with a lot of choices. The supermarket has high quality products and the food court selection is fantastic!! Definitely get in line for the fried chicken (boneless). 
My Thai Review,I ordered beef rice noodle(pho) and shrimp fried rice. It was such a terrible experience. Both food were blend especially the noodle. The fried rice had no seasoning. I will never go back.
Had a alot of fun...,Could spend days in here with a lot of things to look at and choices of shopping stores.Had plenty of choices to eat at.
Department store in Seoul,"This was our introduction to Seoul Shopping, and the typical multi level floors starting with beauty and ending with duty free with fashion and home at levels in between. The floors are not spacious so you seem to be going round and round using the escalators to get upstairs or downstairs. Be aware the duty free shops in Seoul sell in US dollars and on the day we went it was very busy with many customers."
A newer Hyundai department store in Dongdaemun ,"It was a good shopping experience in Hyundai , service was good , relaxing place . High end designers brands to mid range , children's wear . Each level different concept .There's one in Dongdaemun which just open in 2016 . "
best place to shop high-end brands,"As most luxurius department store in korea, hyundai is nice place to buying gifts. And you may meet Korean topclass actors by chance."
EXCELLENT ,"EXCELLENT place to eat all kind of food, also perfect place for shopping.Please visit supermarket which is in B1 Sincerely,Saraway"
"Great shopping, as long as you have a local credit card","Spent a couple of hours at this mall today. Great shopping, plenty of choice: in-store brunch, coffee & cake, clothes, cosmetics, electronic, pretty much all high-end, etc.... yet when it comes to paying there is an issue: overseas cards are an issue and barely accepted. Visa and Master Cards limited to KRW 200K. Think you can solve it by taking cash from the KEB ATM onsite ? Sorry, none of the 3 overseas cards (Master / Visa / Union Pay) were accepted.... so, if you are an overseas visitor and plan on going for some retail therapy, be prepared and bring the cash !"
"Great food variety, but expensive","Hyundai department store is a multi-level high-end department store with its own metro stop and dedicated food court with separate interior restaurants. All of the food on display looks really good but isn't cheap. We ate lunch in one of the associated restaurants. Worth a browse on a hot or cold day to get out of the weather, but not necessarily a must-see."
Korean food hall heaven,This is Seoul's equivalent of the food hall in Harrods. Possibly even better - because here you can actually afford to buy the wonderful produce and creations on display. It's extremely popular with the locals. Great variety and great displays. There is a whole department store upstairs as well by the way - but the food hall is going to make your day
I ate at the food court,I ate at the food court of Hyundai Department Store Apgujeong Main. I ordered cold buckwheat noodles and it was OK.
Great Shopping - Excellent Food Court,"Great shopping all round - especially recommend to have a look at a Korean clothing brand called TIME, beautiful and creative clothing for women and men.Food Court is also a ""must see"". Dare to try some local fare - easy to order, easy to love. Cold Noodle Soup (Mul NaengMyang), Fish Cake, Topoggi, Jajang Myang and Tangsuyuk, the excellent Sweet & Sour Pork are my favorites."
The food court is excellent,"Higy recommend the food court downstairs here if you are a bit of an awkward solo traveller like myself. There's a large range of food which can be searched and selected (in English) on a computer screen. Once you've chosen, it prints off a little ticket for you to take to the till, pay and then you're given a buzzer and directed to the correct counter so you can go and collect your food when it's done. Could not be easier and the staff were clearly used to dealing with nervous tourists and were very kind and patient."
Excellent and quality shopping mall,"I was in Seoul at the end of September 2016 for a conference held in COEX convention center. This mall is near and interconnected with COEX convention center. Excellent shopping outlets for everything starting from 1st floor and up. Little costly but high quality products.At the floor below 1st floor, there is a good superstore and grocery. You can buy many house hold things at cheaper rate.I was staying in hotel named ""Ibis style ambassador gangnum"". This store is 10 minutes walking distance from this hotel."
Mega premium shopping mall,"A popular up market shopping mall within COEX mall. Like any other premium mall, international brands is the main appeal, if you are into international brands. Every floor has its LCD screen on brand's location, that's a good point for easy reference. "
Start on the very bottom floor.....,"and work your way up. It contains the most unbelievable food market. There is everything imaginable. I had a drink in a light bulb!! The pastries are works of art. And there are free samples!! Upstairs there are high end areas. The minute you walk into a department the sales person approaches and then straightens anything that you have touched immediately. Makes you feel a bit ""persona non grata"""
Whopping ,One amazing shopping center with a variety of shops to choose from top end to bottom end... lots of eatery at the basement
Great shopping center,Excellent shopping mall with several brands and good deals in designer brands. Easy to access by metro with many places to eat nearby. It is definitely worthy. 
Macarons!,"We went to Hyundai because Pierre Hermes has a macarons location here and who doesn't want a taste of Paris while in Asia? Beautiful store with so much more. We really never made it out of the food and grocery level. Exit 6 off the orange subway line leads right into the store. Beautiful fruits, fabulous baked goods and desserts. We bought salads to go (along with aforementioned macarons) and had a first rate lunch. There are outside tables and chairs in front of building. "
Perfect place to shop in Seoul,You will love this place the moment you enter. There is so much choice to shop and such nice staff to assist you. Even the outside is so beautiful. a must visit. Shop till you drop.
Fabulous looking store in and out.,"If you have been to Lotte or Shinsegae Department stores, then Hyundai may not seem too much different, except it seems to be more classier than the others. If you have a chance to go out to the store, take the metro, line 3, orange to Apgujeong station and come out exit 6. First I love old department store building, made way back when everyone went down to the department store to do their shopping. It was an experience, not like driving to malls today. The building is beautiful, great architecture, designs and intricate details. Inside is just as beautiful, neat, clean, well laid out with wonderful and helpful service. Of course plenty of food downstairs, lots of luxury items. Worth a see if you have time."
