review_title,review_body
Must see for any-one interested in Tae Kwon Do and its history.,"I have visited 2 times in 3 years and had the good fortune to meet some of the great staff that represent TKD in Korea and in the development of the sport. I was presented with a visitor certificate on arrival and hosted through a short tour. The museum was very interesting and my host was able to translate some very interesting elements of the sports history for me. The area also hosts a number of TKD stores and you can pick up good quality gear and training accessories. If visiting, plan to attend on any day except Monday, 9which is the TKD demonstration teams day off)."
"Good place, but no performances","I heard that they were doing performances, but stopped after last year. Why aren't they doing demonstrations in 2019?"
Best place to visit in seoul,After practicing tkd for 20 years myself it’s an absolute must. Ppl on the property are friendly and helpful. Entry is freeSeeing the team training is one of the most impressive things for every sportsman. Definitely recommend 
Wonderful,Come back Seoul every year.Wonderful stayWonderful placeKukkiwon are a mecca of taekwondo All practice Going in this site.Museum events.Go into this place!!!!!!
Excellent performance,"One of the best Taekwondo demonstration I have seen, the plank breaking was really impressive. Show duration is about one hour and the performance hall is about 10 minutes walk from Gangnam station, exit 12."
Loved their TKD demonstrations show,"I was pleasantly surprised by how much I enjoyed Kukkiwon's Taekwando demonstration show. It told a story, and combined TKD moves into a narrative with a big screen in the background. I had expected to just see people do some routines. This was much more interesting. The artists did a great job too, with many difficult moves. I deducted a star because, as an english-only speaker, it was hard to get tickets. I had to contact AskAjumma to get tickets for me. And the time of the show was not advertised anywhere that I could find. But once I had the tickets, there was a nice gentlemen at the arena who helped us get seated. After the show they invited people who wanted to break a board to come onto the stage. The emcee spoke English and Korean so my kids were able to join in and broke their first board! Very cool."
See their demo show!!!,"It is a great organization but for a tourist not much of a site to visit unless you go to their demo show ""Great Tae Kwon Do"". It combines legend, a ton of board breaking and action. It was a blast! At the end you can break a board with the cast. Their website sucks so get someone Korean speaking to figure out times. "
A wonderful way to experience the traditional Korean Taekwando,A wonderful institute established by Kukkiwon to promote globally the Korean tradition of Taekwando. They have a museum and cafetaria for visitors to explore. They also regularly organize international competition and demonstrations of Taekwando. It was an amazing experience participating in the September 2016 festival. I got to see the talented competitors of all age groups from different nations participating. Several nations also presented tradition dances and had their food stalls during this festival.
