review_title,review_body
Nice museum,"While visiting Seoul, my son kept asking to see dinosaur bones so we decided to check out the Seodaemun Museum of Natural History. We arrived just after the museum opened at 9 and we were the only ones there. The entrance fee for adults is 6,000 won and it’s free for kids under 5. The museum was fairly standard for a natural history museum. There was a section on dinosaurs, beautiful rocks, cool insect displays, live fish and insects, some stuffed animals, evolution, fossils, etc. Overall, it’s a nice museum and good for a couple hour visit. There is a cool looking slide outside, but it was raining while we were there so we didn’t use it. While we were finishing up at the museum several school groups arrived. I recommend getting there early in order to avoid the school groups. There was a snack shop at the museum and also a small gift shop. We got off at the Gajwa metro station and took a taxi from there. It would be a bit of a ways to walk from the metro station plus there is a steep hill going up to the museum."
Very good !!,"We went all the family, my kids are 5, 12 and 15. They really enjoyed but the only problem that nearly everything is in Korean. But it was not the big problem, the like the Dinos and earth development I truly recommend to go, specially if you have childrens"
Good museum!!,"We went yesterday with my 3 kids (5, 12 and 15). Was really fun but I don put 5 stars because nearly everything was in Korean. For the little one is no a problem because he enjoying mostly looking but the others are different. The app for the mobile so good for kids!If yours kids likes Dinos is super fun. Very interesting the earth environment. You can spend about 2 hours and it's a very good price. "
So good,"this museum is so good for adults, young and kids. its about dinosaurs and plants and how human beings lived before. must visit for nature lovers "
Small but nice,It was smaller than we thought it would be but it did not disappoint! We have a 2 and 3 year old and they liked it. Not an all day trip though. 3 hours max.
Great Rock & Minerals Collection,"I have seen many Natural History Museums and this is for sure not the largest but the rock and minerals collection displayed here is absolutely outstanding. Seoul has a lot to offer tourist, so depends on the time available to you and your interests; you may consider visiting Seodaemun Museum. There is no subway station near the museum and you will have to walk up/down hill for about 10 min to reach the Bus Stop. You can also take a taxi which is usually at a reasonable cost in Seoul."
"Nice history, beautiful architecture, great location","This structure and museum is like a step back in time for Korean heritage and culture. It is very beautiful here, especially around fall and/or spring. After a short trip to this museum, you can easily go around the corner and you will be in a very central location to shop, eat, etc. "
Plenty of exhibits for kids,"Although a relatively small museum (three floors) for natural history, the facility has a wealth of exhibits and visual fodder to keep young ones occupied. A lack of English description limits a full appreciation of the content, but a good and cheap ($3) way to spend a couple hours. "
A Fun Afternoon Trip,"This museum is tucked away and hidden from regular traffic, but don't expect that to mean it'll be empty. The adult fee is a reasonable 3,000 won. There are lockers on the main floor for you to store bags or coats. The museum is not large enough to get lost in, so you don't need to pick up the offered brochures unless you want a keepsake of your trip. All the displays are in Korean, so if you are a foreigner who doesn't speak the language, this is really just a look-through trip as opposed to anything educational. (I'm perfectly fine with those myself.) Worth the trip if you have a free day and no idea what to do."
Amazing museum with mystique,"CYC(2013.2)There were three floors. The first was Human & Nature Hall and Central Hall, and the second was Life Evolution Hall, and the third was Earth Environment Hall. There were many animals, plants, and miniatures. But if you go there, you'll be not that easy to find there because it is in the middle of residential area. But if you go there, you'll be surprised. Because the miniatures are so full of life."
