review_title,review_body
Great place to learn the Korean past and history ,Quite interesting place in a very modern and young City!Learned about old way of korean lifestyle!Great opportunity to experience the TEA CEREMONY!Worth the visit! Definitely!...
Had Nice Time there.,You wont miss anything if you dont go to House of Changwon. But can have a nice time there. Its a good place to see a glimpse of their culture. 
Interesting and very picturesque place.,Interesting and very picturesque place. Excellent for a short walk. This place gives some idea about 19th century life in Korea.
you can feel joesun dynasty's life style. ,"If you are not available going to jeonju for han-ok town or seoul for visiting gyoung bok palace, here also good for enjoy and looking joesun dynasty's life style. and from next year han-bok rental shop will be open near here. "
Chabwon Traditional House,Thus is a traditional house of a high-rank official in the Choseon Dynasty. You can see the living stykes of that day. Thers is also a museum adjacent to this house. 
Worth Having a Look At,I've been here for a few wedding now and the place is worth checking out and having a wonder around. It gives you a good idea at what life was like in Korea in the past before modernization.
Really cool exhibit of how a home worked with lots of real items,"Changwon house is not a day long thing, maybe an hour or 2. I enjoyed it and took it slow. So many really historical items. I like this kind of stuff though.It is a home from Koreas past with the tools, home, everything they would have used. Covers detail like how they heated the home."
